<?xml version="1.0" encoding="Windows-1252"?>
<charsacterdatabase xmlns:xsi="http://www.w3.org/2001/XMLSchema-instance" xmlns:xsd="http://www.w3.org/2001/XMLSchema">
  <characterentry>
    <characterEntry>
      <classname>warrior</classname>
      <classduson />
      <playerheatfs>0</playerheatfs>
      <playerspeed>0</playerspeed>
      <playerstamener>0</playerstamener>
      <playermight>0</playermight>
      <playerknowledge>0</playerknowledge>
      <playerwillpower>0</playerwillpower>
      <playerawarewness>0</playerawarewness>
      <playerclass>ashrian</playerclass>
      <playeracrchet>Warrior</playeracrchet>
      <playerdefence>oneGrayDice</playerdefence>
    </characterEntry>
    <characterEntry>
      <classname>scout</classname>
      <classduson />
      <playerheatfs>0</playerheatfs>
      <playerspeed>0</playerspeed>
      <playerstamener>0</playerstamener>
      <playermight>0</playermight>
      <playerknowledge>0</playerknowledge>
      <playerwillpower>0</playerwillpower>
      <playerawarewness>0</playerawarewness>
      <playerclass>avric</playerclass>
      <playeracrchet>Scout</playeracrchet>
      <playerdefence>oneGrayDice</playerdefence>
    </characterEntry>
    <characterEntry>
      <classname />
      <classduson />
      <playerheatfs>0</playerheatfs>
      <playerspeed>0</playerspeed>
      <playerstamener>0</playerstamener>
      <playermight>0</playermight>
      <playerknowledge>0</playerknowledge>
      <playerwillpower>0</playerwillpower>
      <playerawarewness>0</playerawarewness>
      <playerclass>Error</playerclass>
      <playeracrchet>Scout</playeracrchet>
      <playerdefence>oneGrayDice</playerdefence>
    </characterEntry>
    <characterEntry>
      <classname />
      <classduson />
      <playerheatfs>0</playerheatfs>
      <playerspeed>0</playerspeed>
      <playerstamener>0</playerstamener>
      <playermight>0</playermight>
      <playerknowledge>0</playerknowledge>
      <playerwillpower>0</playerwillpower>
      <playerawarewness>0</playerawarewness>
      <playerclass>Error</playerclass>
      <playeracrchet>Scout</playeracrchet>
      <playerdefence>oneGrayDice</playerdefence>
    </characterEntry>
  </characterentry>
</charsacterdatabase>